{
  "ScenarioName": "Normal",
  "TotalSimulatedTime": "00:02:33.8370000",
  "CompletedJobs": 50,
  "CrashedJobs": 0,
  "AverageCycleTimeMs": 145689.84,
  "ThroughputPerSecond": 0.32501933865064975,
  "AverageWip": 47.352015444918976,
  "UtilizationByMachine": {
    "1": 0.02327138464738652,
    "2": 0.013195785149216379,
    "3": 0.015210905048850407,
    "4": 0.015113399247255212,
    "5": 0.014235847032898458,
    "6": 0.01524340698271547,
    "7": 0.01576343792455651,
    "8": 0.01589344566001677,
    "9": 0.016380974667992744,
    "10": 0.015113399247255212,
    "11": 0.015665932122961315,
    "12": 0.015925947593881835,
    "13": 0.016640990138913264,
    "14": 0.016575986271183136,
    "15": 0.01569843405682638,
    "16": 0.01667349207277833,
    "17": 0.01634847273412768,
    "18": 0.01784356169192067,
    "19": 0.01732353075007963,
    "20": 0.01686850367596872,
    "21": 0.01634847273412768,
    "22": 0.01764855008873028,
    "23": 0.018266086832166514,
    "24": 0.01829858876603158,
    "25": 0.017291028816214565,
    "26": 0.01764855008873028,
    "27": 0.017941067493515865,
    "28": 0.01829858876603158,
    "29": 0.019468658385173917,
    "30": 0.017746055890325473,
    "31": 0.018493600369221968,
    "32": 0.018396094567626774,
    "33": 0.019468658385173917,
    "34": 0.01979367772382457,
    "35": 0.019078635178793137,
    "36": 0.01881861970787262,
    "37": 0.019728673856094437,
    "38": 0.019468658385173917,
    "39": 0.020378712533395738,
    "40": 0.019208642914253397,
    "41": 0.01940365451744379,
    "42": 0.019891183525419763,
    "43": 0.020183700930205346,
    "44": 0.02067122993818132,
    "45": 0.019371152583578723,
    "46": 0.01940365451744379,
    "47": 0.020313708665665606,
    "48": 0.02034621059953067,
    "49": 0.020963747342966906,
    "50": 0.019858681591554697,
    "51": 0.020151198996340283,
    "52": 0.02080123767364158,
    "53": 0.020638728004316258,
    "54": 0.021613786020268207,
    "55": 0.020313708665665606,
    "56": 0.02132126861548262,
    "57": 0.020963747342966906,
    "58": 0.02197130729278392,
    "59": 0.021613786020268207,
    "60": 0.020996249276831972,
    "61": 0.02132126861548262,
    "62": 0.021646287954133273,
    "63": 0.02197130729278392,
    "64": 0.02229632663143457,
    "65": 0.021126257012292232,
    "66": 0.02132126861548262,
    "67": 0.021646287954133273,
    "68": 0.022198820829839375,
    "69": 0.02242633436689483,
    "70": 0.020996249276831972,
    "71": 0.0217112918218634,
    "72": 0.02177629568959353,
    "73": 0.02197130729278392,
    "74": 0.02327138464738652,
    "75": 0.021288766681617555,
    "76": 0.021678789887998335,
    "77": 0.02262134597008522,
    "78": 0.02249133823462496,
    "79": 0.02327138464738652,
    "80": 0.021516280218673012,
    "81": 0.022458836300759896,
    "82": 0.023011369176466,
    "83": 0.023108874978061196,
    "84": 0.023433894316711845,
    "85": 0.022718851771680416,
    "86": 0.02268634983781535,
    "87": 0.022783855639410544,
    "88": 0.023108874978061196,
    "89": 0.024246442663338467,
    "90": 0.022133816962109247,
    "91": 0.02327138464738652,
    "92": 0.02359640398603717,
    "93": 0.02392142332468782,
    "94": 0.024246442663338467,
    "95": 0.02294636530873587,
    "96": 0.02327138464738652,
    "97": 0.02359640398603717,
    "98": 0.02392142332468782,
    "99": 0.024246442663338467,
    "100": 0.02294636530873587,
    "101": 0.02327138464738652,
    "102": 0.02359640398603717,
    "103": 0.02392142332468782,
    "104": 0.024246442663338467,
    "105": 0.02294636530873587,
    "106": 0.02327138464738652,
    "107": 0.02359640398603717,
    "108": 0.02392142332468782,
    "109": 0.024246442663338467,
    "110": 0.02294636530873587,
    "111": 0.02327138464738652,
    "112": 0.02359640398603717,
    "113": 0.02392142332468782,
    "114": 0.024246442663338467,
    "115": 0.02294636530873587,
    "116": 0.02327138464738652,
    "117": 0.02359640398603717,
    "118": 0.02392142332468782,
    "119": 0.024246442663338467,
    "120": 0.02294636530873587,
    "121": 0.02327138464738652,
    "122": 0.02359640398603717,
    "123": 0.02392142332468782,
    "124": 0.024246442663338467,
    "125": 0.02294636530873587,
    "126": 0.02327138464738652,
    "127": 0.02359640398603717,
    "128": 0.02392142332468782,
    "129": 0.024246442663338467,
    "130": 0.02294636530873587,
    "131": 0.02327138464738652,
    "132": 0.02359640398603717,
    "133": 0.02392142332468782,
    "134": 0.024246442663338467,
    "135": 0.02294636530873587,
    "136": 0.02327138464738652,
    "137": 0.02359640398603717,
    "138": 0.02392142332468782,
    "139": 0.024246442663338467,
    "140": 0.02294636530873587,
    "141": 0.02327138464738652,
    "142": 0.02359640398603717,
    "143": 0.02392142332468782,
    "144": 0.024246442663338467,
    "145": 0.02294636530873587,
    "146": 0.02327138464738652,
    "147": 0.02359640398603717,
    "148": 0.02392142332468782,
    "149": 0.024246442663338467,
    "150": 0.02294636530873587,
    "151": 0.02327138464738652,
    "152": 0.02359640398603717,
    "153": 0.02392142332468782,
    "154": 0.024246442663338467,
    "155": 0.02294636530873587,
    "156": 0.02327138464738652,
    "157": 0.02359640398603717,
    "158": 0.02392142332468782,
    "159": 0.024246442663338467,
    "160": 0.02294636530873587,
    "161": 0.02327138464738652,
    "162": 0.02359640398603717,
    "163": 0.02392142332468782,
    "164": 0.024246442663338467,
    "165": 0.02294636530873587,
    "166": 0.02327138464738652,
    "167": 0.02359640398603717,
    "168": 0.02392142332468782,
    "169": 0.024246442663338467,
    "170": 0.02294636530873587,
    "171": 0.02327138464738652,
    "172": 0.02359640398603717,
    "173": 0.02392142332468782,
    "174": 0.024246442663338467,
    "175": 0.02294636530873587,
    "176": 0.02327138464738652,
    "177": 0.02359640398603717,
    "178": 0.02392142332468782,
    "179": 0.024246442663338467,
    "180": 0.02294636530873587,
    "181": 0.02327138464738652,
    "182": 0.02359640398603717,
    "183": 0.02392142332468782,
    "184": 0.024246442663338467,
    "185": 0.02294636530873587,
    "186": 0.02327138464738652,
    "187": 0.02359640398603717,
    "188": 0.02392142332468782,
    "189": 0.024246442663338467,
    "190": 0.02294636530873587,
    "191": 0.02327138464738652,
    "192": 0.02359640398603717,
    "193": 0.02392142332468782,
    "194": 0.024246442663338467,
    "195": 0.02294636530873587,
    "196": 0.02327138464738652,
    "197": 0.02359640398603717,
    "198": 0.02392142332468782,
    "199": 0.024246442663338467,
    "200": 0.02294636530873587,
    "201": 0.02327138464738652,
    "202": 0.02359640398603717,
    "203": 0.02392142332468782,
    "204": 0.024246442663338467,
    "205": 0.02294636530873587,
    "206": 0.02327138464738652,
    "207": 0.02359640398603717,
    "208": 0.02392142332468782,
    "209": 0.024246442663338467,
    "210": 0.02294636530873587,
    "211": 0.02327138464738652,
    "212": 0.02359640398603717,
    "213": 0.02392142332468782,
    "214": 0.024246442663338467,
    "215": 0.02294636530873587,
    "216": 0.02327138464738652,
    "217": 0.02359640398603717,
    "218": 0.02392142332468782,
    "219": 0.024246442663338467,
    "220": 0.02294636530873587,
    "221": 0.02327138464738652,
    "222": 0.02359640398603717,
    "223": 0.02392142332468782,
    "224": 0.024246442663338467,
    "225": 0.02294636530873587,
    "226": 0.02327138464738652,
    "227": 0.02359640398603717,
    "228": 0.02392142332468782,
    "229": 0.024246442663338467,
    "230": 0.02294636530873587,
    "231": 0.02327138464738652,
    "232": 0.02359640398603717,
    "233": 0.02392142332468782,
    "234": 0.024246442663338467,
    "235": 0.02294636530873587,
    "236": 0.02327138464738652,
    "237": 0.02359640398603717,
    "238": 0.02392142332468782,
    "239": 0.024246442663338467,
    "240": 0.02294636530873587,
    "241": 0.02327138464738652,
    "242": 0.02359640398603717,